time_bin_s,n10_rss_delta_mb_np,n10_rss_delta_mb_np_machines_macbook_cold_memory_trace_3d_full_strict_cold_backup,n10_rss_delta_mb_jax,n10_rss_delta_mb_jax_machines_macbook_cold_memory_trace_3d_full_strict_cold_backup,n20_rss_delta_mb_np,n20_rss_delta_mb_np_machines_macbook_cold_memory_trace_3d_full_strict_cold_backup,n20_rss_delta_mb_jax,n20_rss_delta_mb_jax_machines_macbook_cold_memory_trace_3d_full_strict_cold_backup,n40_rss_delta_mb_np,n40_rss_delta_mb_np_machines_macbook_cold_memory_trace_3d_full_strict_cold_backup,n40_rss_delta_mb_jax,n40_rss_delta_mb_jax_machines_macbook_cold_memory_trace_3d_full_strict_cold_backup,n80_rss_delta_mb_np,n80_rss_delta_mb_np_machines_macbook_cold_memory_trace_3d_full_strict_cold_backup,n80_rss_delta_mb_jax,n80_rss_delta_mb_jax_machines_macbook_cold_memory_trace_3d_full_strict_cold_backup
-1.5,,,,,,,,,,,,,,,,-205.078
-1.4,,,,,,,,,,,,,,,,-193.141
-1.3,,,,,,,,,,,,,,,-200.859,-182.562
-1.2,,,,,,,,,,,,,,,-198.375,-163.375
-1.1,,,-189.188,,,,,,,,,,,,-178.922,-138.219
-1.0,,,-167.562,,,,,,,,,,,,-160.094,-124.984
-0.9,,,-143.297,-189.641,,,,-192.766,,,,-191.562,,,-139.844,-114.203
-0.8,,,-118.578,-181.438,,,-190.391,-175.172,,,-189.766,-183.875,,,-121.562,-102.844
-0.7,,,-105.094,-155.266,,,-176.453,-124.047,,,-175.375,-157.375,,,-108.344,-96.25
-0.6,,,-93.9062,-108.266,,,-121.797,-105.562,,,-119.5,-109.75,,,-95.3438,-66.8438
-0.5,,,-80.75,-92.2188,,,-102.938,-88.1406,,,-103.859,-92.375,,,-73.2344,-45.0781
-0.4,,,-58.9688,-67.0156,,,-84.875,-38.1406,,,-85.2969,-60.8125,,,-45.3594,-36.9844
-0.3,,,-32.4844,-28.75,,,-33.5,-26.5781,,,-32.9062,-27,,,-33.0156,-20.7188
-0.2,-34.625,-34.4219,-18.625,-14.9688,-36.25,-34.7188,-19.8906,-17.0312,-36.4375,-35.2031,-15.9219,-13.9062,-38.6875,-38.6094,-16.4844,-13.1875
-0.1,-25.7656,-23.4688,-9.09375,-5.71875,-24.5625,-26.5,-6.95312,-6.82812,-27.2969,-27.0469,-5.57812,-3.07812,-29.4688,-28.6719,-5.34375,-5.46875
0.0,51.25,52.1875,6.26562,7.90625,241.422,241.594,8.54688,4.96875,783.531,729.188,5.21875,4.98438,805.797,494.094,5.57812,4.8125
0.1,,,13.2969,13.1094,381.234,351.141,13.7812,10.1406,1267.59,1267.7,8.07812,7.64062,1765.31,936.672,17.8125,17.3281
0.2,,,20.2188,20.4844,407.469,407.688,19.5,17.6719,1453.11,1351.8,11.6719,9.71875,2734.08,1268.8,22.5,26.2031
0.3,,,33.8594,31.6406,,,32.875,22.0469,1650.03,1539.42,15.8906,14.7812,3688.61,1074.7,28.9688,31.1562
0.4,,,41.4688,39.8594,,,39.1406,30.75,1846.14,1743.73,20.6875,18.875,4633.28,929.203,44.3594,38.4531
0.5,,,47.75,43.4844,,,46.9688,34,1870.81,1883.91,31.125,23.625,5462.17,844.5,53.875,47.3438
0.6,,,53.625,52.2656,,,52.125,43.8438,1076.17,1267.7,36.4062,33.5938,6265.78,792.797,57.75,49.9375
0.7,,,61.8594,54.1562,,,59.875,47.7969,1287.14,717.906,45.3281,40.2344,6968.88,758.547,65.3438,58.0469
0.8,,,85.4844,59.7344,,,143.203,53.5,1359.22,1287.27,51.4844,50.4844,7647.14,822.016,198.172,60.2188
0.9,,,102.688,65.1094,,,304.891,59.6094,1365.27,1287.27,58.4219,53.4531,7855.36,989.312,1547.48,64.375
1.0,,,111.594,100.328,,,308.531,64.4531,1365.27,1365.39,77.2344,58.6719,7487.22,1027.75,3587.73,72.5156
1.1,,,120,106.625,,,317.781,222.453,1365.27,1365.39,601.484,65.1406,6839.36,930.781,5438.3,200.156
1.2,,,122.016,109.812,,,327.156,305.422,1828.38,1365.39,1712.8,84.7812,6221.23,904.844,7022.28,1501.55
1.3,,,120.359,118.062,,,334.562,309.828,2615.27,1365.39,1911.89,694.969,5567.64,849.766,8731.44,2962.44
1.4,,,,124.938,,,334.359,314.766,2735.81,1987.17,1561.27,1728.3,4972.39,866.641,10245,4411.72
1.5,,,,124.984,,,331.109,322.438,2935.88,2570.08,1946.97,1895.23,4449.38,891.859,11613.1,5635.56
1.6,,,,121.578,,,,326.031,3136.22,2616.38,744.984,1484.81,3879.83,881.688,11633.8,6893.36
1.7,,,,,,,,327.812,3235.95,2792.72,1312.78,1917.39,3264.44,890.5,8789.12,8141.52
1.8,,,,,,,,327.766,1990.27,2966.97,1389.42,1955.38,2828.78,868.484,9835.89,9369.89
1.9,,,,,,,,324.953,1365.27,3168.28,1389.42,1349.73,2199.45,1020.95,10231.9,9971.44
2.0,,,,,,,,,1365.28,3239.27,1389.44,1076.97,1780.19,1226.59,6989.09,10200.3
2.1,,,,,,,,,,1991.38,768.047,1385.97,1604.52,1271.8,9190.56,10201.6
2.2,,,,,,,,,,1547.38,140.812,1385.98,1389.84,1333.22,10214.2,9570.84
2.3,,,,,,,,,,1366.42,,1385.98,1425.66,1405.48,6031.78,8801.08
2.4,,,,,,,,,,116.422,,764.281,1710.95,1534.67,6725.72,
2.5,,,,,,,,,,,,139.094,1968.59,1698.23,7464.62,7154.88
2.6,,,,,,,,,,,,135.594,2171.36,1883.97,8199.06,6760.69
2.7,,,,,,,,,,,,,2288.77,2106.45,8909.8,6091.31
2.8,,,,,,,,,,,,,2331.75,2299.52,9532.22,5349.27
2.9,,,,,,,,,,,,,2437.09,2425.66,10045.5,4681.91
3.0,,,,,,,,,,,,,2833.42,2555.66,10206.4,3923.36
3.1,,,,,,,,,,,,,2920.09,2625.28,5321.86,3273.03
3.2,,,,,,,,,,,,,3083.59,2630.89,5377.86,1307.72
3.3,,,,,,,,,,,,,3145.47,2621.06,5432.98,1182.09
3.4,,,,,,,,,,,,,3279.2,2639.36,5484.23,1904.41
3.5,,,,,,,,,,,,,3575.5,2656.19,6896.11,2764.55
3.6,,,,,,,,,,,,,3924.23,2668.75,8750.39,3823.47
3.7,,,,,,,,,,,,,4280.91,2696.59,10235.6,4854.17
3.8,,,,,,,,,,,,,4641.97,2630.12,8249.08,5907.28
3.9,,,,,,,,,,,,,4989.36,2679.83,8242.83,6946.05
4.0,,,,,,,,,,,,,5023.34,2714.42,9768.47,7982.61
4.1,,,,,,,,,,,,,4550,2732.78,10234.3,9004.59
4.2,,,,,,,,,,,,,4086.11,2732.36,10234.4,9949.5
4.3,,,,,,,,,,,,,3727.61,2706.12,10234.5,10188.2
4.4,,,,,,,,,,,,,3370.59,2703.66,10234.5,5491.75
4.5,,,,,,,,,,,,,3676.91,2713.05,10234.5,6419.39
4.6,,,,,,,,,,,,,3814.89,2714.86,10234.5,7328.52
4.7,,,,,,,,,,,,,3576.28,2694.89,10234.5,8346.64
4.8,,,,,,,,,,,,,3144.14,2681.11,10234.5,9287.42
4.9,,,,,,,,,,,,,3263.53,2681.12,10234.5,10093.8
5.0,,,,,,,,,,,,,3587.69,2661.2,10234.5,10177.5
5.1,,,,,,,,,,,,,3894.88,2669.72,10234.5,6093.5
5.2,,,,,,,,,,,,,4264.22,2771.08,10234.5,6727.62
5.3,,,,,,,,,,,,,4606.14,2761.58,10234.5,7447.45
5.4,,,,,,,,,,,,,4969.36,2762.77,10234.5,8093.42
5.5,,,,,,,,,,,,,5091.38,2743.69,10234.5,8608
5.6,,,,,,,,,,,,,4916.97,2725.45,10234.5,9213.56
5.7,,,,,,,,,,,,,4687.86,2720.77,10234.5,9692.77
5.8,,,,,,,,,,,,,4751.02,2723.67,5239.95,10117.5
5.9,,,,,,,,,,,,,4980,2695.28,237.156,10156.3
6.0,,,,,,,,,,,,,4980,2683.28,,5239.42
6.1,,,,,,,,,,,,,4980,2679.98,,5288.55
6.2,,,,,,,,,,,,,4980.03,2695.91,,5342.22
6.3,,,,,,,,,,,,,4995.3,2700.34,,5392.06
6.4,,,,,,,,,,,,,5035.02,2724.78,,5554.97
6.5,,,,,,,,,,,,,4598.25,2727.28,,6838.38
6.6,,,,,,,,,,,,,4180.62,2729.81,,8030.77
6.7,,,,,,,,,,,,,3657.88,2735.91,,9247.89
6.8,,,,,,,,,,,,,3203.8,2742.97,,10152.7
6.9,,,,,,,,,,,,,3197.41,2756.39,,10128.2
7.0,,,,,,,,,,,,,3197.69,2775.97,,6477.72
7.1,,,,,,,,,,,,,3190.77,2785.61,,7510.53
7.2,,,,,,,,,,,,,3194.31,2756.95,,8531.23
7.3,,,,,,,,,,,,,3201.2,2721.91,,9593.23
7.4,,,,,,,,,,,,,3244.22,2743.81,,10034.4
7.5,,,,,,,,,,,,,3205.89,2758.22,,10034.5
7.6,,,,,,,,,,,,,3197.98,2745.75,,10034.6
7.7,,,,,,,,,,,,,3213.44,2753.5,,10034.6
7.8,,,,,,,,,,,,,3222.14,2746.16,,9908.56
7.9,,,,,,,,,,,,,3213.8,2720.62,,9282.52
8.0,,,,,,,,,,,,,3205.69,2746.64,,8756.7
8.1,,,,,,,,,,,,,3202.41,2716.45,,8200.78
8.2,,,,,,,,,,,,,3177.36,2682.34,,7647.73
8.3,,,,,,,,,,,,,3299.3,2650.16,,7061.39
8.4,,,,,,,,,,,,,3264.16,2658.27,,6296.12
8.5,,,,,,,,,,,,,3254.05,2656.33,,5702.31
8.6,,,,,,,,,,,,,3249.62,2631.97,,5052.53
8.7,,,,,,,,,,,,,3236.2,2604.81,,4384.03
8.8,,,,,,,,,,,,,3259.39,2607.33,,3161.27
8.9,,,,,,,,,,,,,3253.73,2595.19,,2999.36
9.0,,,,,,,,,,,,,3242.28,2599.88,,3042.44
9.1,,,,,,,,,,,,,3234.19,2566.48,,3460.12
9.2,,,,,,,,,,,,,3214.91,2578.81,,3848.56
9.3,,,,,,,,,,,,,3209.33,2537.95,,4250.25
9.4,,,,,,,,,,,,,3219.23,2536.66,,4639.81
9.5,,,,,,,,,,,,,3231.23,2531.06,,5054.06
9.6,,,,,,,,,,,,,3232.95,2534.2,,5443.62
9.7,,,,,,,,,,,,,3245.81,2524.83,,5848
9.8,,,,,,,,,,,,,3227.55,2506.75,,6268.33
9.9,,,,,,,,,,,,,3228.11,2519.73,,6658.98
10.0,,,,,,,,,,,,,3220.11,2519.14,,7053.34
10.1,,,,,,,,,,,,,3225.17,2521.67,,7505.48
10.2,,,,,,,,,,,,,3233.62,2510.81,,7904.58
10.3,,,,,,,,,,,,,3243.52,2498.77,,8295.84
10.4,,,,,,,,,,,,,3248.72,2504.62,,8705.2
10.5,,,,,,,,,,,,,3243.08,2476.05,,9050.98
10.6,,,,,,,,,,,,,3248.89,2470.66,,9321.91
10.7,,,,,,,,,,,,,3234.78,2467.22,,9823.33
10.8,,,,,,,,,,,,,3256.8,2469.78,,9886.81
10.9,,,,,,,,,,,,,3223.23,2438.34,,9886.81
11.0,,,,,,,,,,,,,3234.03,2388.25,,9886.81
11.1,,,,,,,,,,,,,3197.08,2390.67,,9886.81
11.2,,,,,,,,,,,,,3199.91,2370.12,,4945.84
11.3,,,,,,,,,,,,,3186.45,2337.61,,4754.84
11.4,,,,,,,,,,,,,3198,2358.47,,168.453
11.5,,,,,,,,,,,,,3225.55,2367.27,,189.234
11.6,,,,,,,,,,,,,3240.23,2374.23,,189.234
11.7,,,,,,,,,,,,,3236,2313.19,,
11.8,,,,,,,,,,,,,3240.73,2336.7,,
11.9,,,,,,,,,,,,,3237.61,2357.28,,
12.0,,,,,,,,,,,,,3230.67,2362.09,,
12.1,,,,,,,,,,,,,401.75,2352.61,,
12.2,,,,,,,,,,,,,401.75,2332.88,,
12.3,,,,,,,,,,,,,401.75,2346.67,,
12.4,,,,,,,,,,,,,401.969,2327.03,,
12.5,,,,,,,,,,,,,401.969,2338.11,,
12.6,,,,,,,,,,,,,538.016,2339.23,,
12.7,,,,,,,,,,,,,577.641,2347.7,,
12.8,,,,,,,,,,,,,668.219,2342.08,,
12.9,,,,,,,,,,,,,775.859,2312.22,,
13.0,,,,,,,,,,,,,839.281,2274.5,,
13.1,,,,,,,,,,,,,995.438,2293.38,,
13.2,,,,,,,,,,,,,1164.23,2276.98,,
13.3,,,,,,,,,,,,,1240.72,2285.09,,
13.4,,,,,,,,,,,,,1365.67,2272.73,,
13.5,,,,,,,,,,,,,1445.91,2292.69,,
13.6,,,,,,,,,,,,,1648.3,2270.5,,
13.7,,,,,,,,,,,,,1774.75,2252.95,,
13.8,,,,,,,,,,,,,1932.81,2239.52,,
13.9,,,,,,,,,,,,,2111.7,2191.14,,
14.0,,,,,,,,,,,,,2291.44,2210,,
14.1,,,,,,,,,,,,,2462.14,2229.73,,
14.2,,,,,,,,,,,,,2617.2,2234.72,,
14.3,,,,,,,,,,,,,2781.55,2227.72,,
14.4,,,,,,,,,,,,,2946.8,2210.8,,
14.5,,,,,,,,,,,,,3100.31,2227.11,,
14.6,,,,,,,,,,,,,3284.56,2230.14,,
14.7,,,,,,,,,,,,,3462.53,2232.33,,
14.8,,,,,,,,,,,,,3638.45,2210.94,,
14.9,,,,,,,,,,,,,3814.3,2225.45,,
15.0,,,,,,,,,,,,,3994.11,2188.11,,
15.1,,,,,,,,,,,,,4168.36,2208.73,,
15.2,,,,,,,,,,,,,4355.69,2218.39,,
15.3,,,,,,,,,,,,,4547.45,2218.94,,
15.4,,,,,,,,,,,,,4734.31,2200.12,,
15.5,,,,,,,,,,,,,4905.17,2211.89,,
15.6,,,,,,,,,,,,,5099.3,2194.25,,
15.7,,,,,,,,,,,,,5103.33,2181.56,,
15.8,,,,,,,,,,,,,5103.45,2185.41,,
15.9,,,,,,,,,,,,,5103.45,2155.33,,
16.0,,,,,,,,,,,,,5103.45,2159.95,,
16.1,,,,,,,,,,,,,5103.45,2119.2,,
16.2,,,,,,,,,,,,,5103.45,2125.56,,
16.3,,,,,,,,,,,,,5103.45,2106.95,,
16.4,,,,,,,,,,,,,5103.45,2085.62,,
16.5,,,,,,,,,,,,,5103.52,2067.83,,
16.6,,,,,,,,,,,,,5103.52,2025.89,,
16.7,,,,,,,,,,,,,5253.53,2020.36,,
16.8,,,,,,,,,,,,,6391.91,1955.66,,
16.9,,,,,,,,,,,,,7562.8,1918.09,,
17.0,,,,,,,,,,,,,8755.2,1879.38,,
17.1,,,,,,,,,,,,,9942.94,1859.89,,
17.2,,,,,,,,,,,,,10265.1,1858.98,,
17.3,,,,,,,,,,,,,10265.1,1859.03,,
17.4,,,,,,,,,,,,,10265.1,1868.91,,
17.5,,,,,,,,,,,,,10265.1,1877.09,,
17.6,,,,,,,,,,,,,10265.1,1879.94,,
17.7,,,,,,,,,,,,,10265.1,1847.5,,
17.8,,,,,,,,,,,,,10265.2,1866.42,,
17.9,,,,,,,,,,,,,10265.2,1868.62,,
18.0,,,,,,,,,,,,,10265.3,1850.11,,
18.1,,,,,,,,,,,,,10265.3,1858.75,,
18.2,,,,,,,,,,,,,10265.3,1857.12,,
18.3,,,,,,,,,,,,,10265.3,1842,,
18.4,,,,,,,,,,,,,10366.6,1809.48,,
18.5,,,,,,,,,,,,,10547.5,1829.16,,
18.6,,,,,,,,,,,,,10728.3,1821.91,,
18.7,,,,,,,,,,,,,10890.3,1843.81,,
18.8,,,,,,,,,,,,,10890.3,1863.16,,
18.9,,,,,,,,,,,,,10890.3,1866,,
19.0,,,,,,,,,,,,,10890.3,1861.38,,
19.1,,,,,,,,,,,,,10890.3,1837.91,,
19.2,,,,,,,,,,,,,10890.3,1819.45,,
19.3,,,,,,,,,,,,,10890.3,1827.16,,
19.4,,,,,,,,,,,,,10890.3,1832.48,,
19.5,,,,,,,,,,,,,10890.3,1823.17,,
19.6,,,,,,,,,,,,,10890.3,1825.92,,
19.7,,,,,,,,,,,,,10890.3,1830.56,,
19.8,,,,,,,,,,,,,10890.3,1845.17,,
19.9,,,,,,,,,,,,,10890.3,1853.48,,
20.0,,,,,,,,,,,,,10890.3,1873.05,,
20.1,,,,,,,,,,,,,10890.3,1871.86,,
20.2,,,,,,,,,,,,,10890.3,1873.8,,
20.3,,,,,,,,,,,,,10890.3,1878.52,,
20.4,,,,,,,,,,,,,10890.3,1870.81,,
20.5,,,,,,,,,,,,,10890.3,1849.38,,
20.6,,,,,,,,,,,,,10890.3,1859.62,,
20.7,,,,,,,,,,,,,10890.3,1867.16,,
20.8,,,,,,,,,,,,,10890.3,1880.19,,
20.9,,,,,,,,,,,,,10890.3,1875.94,,
21.0,,,,,,,,,,,,,10890.3,1887.42,,
21.1,,,,,,,,,,,,,10890.3,1901.06,,
21.2,,,,,,,,,,,,,10890.3,1912.47,,
21.3,,,,,,,,,,,,,10890.3,1916.03,,
21.4,,,,,,,,,,,,,10890.3,1905.23,,
21.5,,,,,,,,,,,,,10804.4,1884.08,,
21.6,,,,,,,,,,,,,11116.7,1894.44,,
21.7,,,,,,,,,,,,,10986.2,1868.56,,
21.8,,,,,,,,,,,,,10374.6,1887.56,,
21.9,,,,,,,,,,,,,9793.64,1889.47,,
22.0,,,,,,,,,,,,,9142,1896.92,,
22.1,,,,,,,,,,,,,8472.34,1876.53,,
22.2,,,,,,,,,,,,,7893.89,1892.75,,
22.3,,,,,,,,,,,,,7284.11,1884.44,,
22.4,,,,,,,,,,,,,6688.45,1896.22,,
22.5,,,,,,,,,,,,,6092.17,1891.25,,
22.6,,,,,,,,,,,,,5488.17,1893.28,,
22.7,,,,,,,,,,,,,4860.2,1910.45,,
22.8,,,,,,,,,,,,,4281.92,1912.58,,
22.9,,,,,,,,,,,,,3848.23,1907.17,,
23.0,,,,,,,,,,,,,3312.02,1915.28,,
23.1,,,,,,,,,,,,,3083.23,1910.53,,
23.2,,,,,,,,,,,,,2809,1912.45,,
23.3,,,,,,,,,,,,,2628.69,1868.52,,
23.4,,,,,,,,,,,,,2485.62,1857.05,,
23.5,,,,,,,,,,,,,2346.45,1865.62,,
23.6,,,,,,,,,,,,,2218.8,1859.98,,
23.7,,,,,,,,,,,,,2057.52,1866.94,,
23.8,,,,,,,,,,,,,1921.12,1843.44,,
23.9,,,,,,,,,,,,,1762.3,1853.19,,
24.0,,,,,,,,,,,,,1600.42,1861.8,,
24.1,,,,,,,,,,,,,1439.73,1858.89,,
24.2,,,,,,,,,,,,,1281.8,1860.3,,
24.3,,,,,,,,,,,,,1240.89,1859.88,,
24.4,,,,,,,,,,,,,1255.69,1863.56,,
24.5,,,,,,,,,,,,,1232.22,1859.44,,
24.6,,,,,,,,,,,,,1230.7,1860.55,,
24.7,,,,,,,,,,,,,1234.06,1858.31,,
24.8,,,,,,,,,,,,,1258.91,1862.06,,
24.9,,,,,,,,,,,,,1257.03,1850.72,,
25.0,,,,,,,,,,,,,1510.61,1848.5,,
25.1,,,,,,,,,,,,,1769.95,1866.78,,
25.2,,,,,,,,,,,,,1963.95,1876.42,,
25.3,,,,,,,,,,,,,2020.58,1901.42,,
25.4,,,,,,,,,,,,,2071,2037.36,,
25.5,,,,,,,,,,,,,2097.09,2113.48,,
25.6,,,,,,,,,,,,,2145.69,2254.95,,
25.7,,,,,,,,,,,,,2166.88,2333.52,,
25.8,,,,,,,,,,,,,2201.94,2616.94,,
25.9,,,,,,,,,,,,,2216.58,2876.23,,
26.0,,,,,,,,,,,,,2237.38,3169.7,,
26.1,,,,,,,,,,,,,2264.81,3482.16,,
26.2,,,,,,,,,,,,,2282,3746.44,,
26.3,,,,,,,,,,,,,2298.94,3920.58,,
26.4,,,,,,,,,,,,,2313.81,4147.64,,
26.5,,,,,,,,,,,,,2332.94,4426.03,,
26.6,,,,,,,,,,,,,2354.5,4750.3,,
26.7,,,,,,,,,,,,,2385.56,4978.64,,
26.8,,,,,,,,,,,,,2407.11,4978.64,,
26.9,,,,,,,,,,,,,2416.14,4978.64,,
27.0,,,,,,,,,,,,,2429.95,5124.66,,
27.1,,,,,,,,,,,,,2481.42,5163.69,,
27.2,,,,,,,,,,,,,2519.45,4955.34,,
27.3,,,,,,,,,,,,,2594.23,4650.53,,
27.4,,,,,,,,,,,,,2659.27,4264.8,,
27.5,,,,,,,,,,,,,2728.48,3813.12,,
27.6,,,,,,,,,,,,,2797.06,3284.97,,
27.7,,,,,,,,,,,,,2855.64,2889.34,,
27.8,,,,,,,,,,,,,2917.28,2773.02,,
27.9,,,,,,,,,,,,,2976.38,2830.47,,
28.0,,,,,,,,,,,,,3505.59,2721.94,,
28.1,,,,,,,,,,,,,4149.55,2399,,
28.2,,,,,,,,,,,,,4744.02,2051.22,,
28.3,,,,,,,,,,,,,4702.98,2024.22,,
28.4,,,,,,,,,,,,,4253.17,2197.22,,
28.5,,,,,,,,,,,,,3863.33,2371.86,,
28.6,,,,,,,,,,,,,3853.39,2558.47,,
28.7,,,,,,,,,,,,,3845.19,2751.81,,
28.8,,,,,,,,,,,,,3840.72,2942.39,,
28.9,,,,,,,,,,,,,3823.28,3196.11,,
29.0,,,,,,,,,,,,,3818.91,3455.75,,
29.1,,,,,,,,,,,,,3824.33,3593.36,,
29.2,,,,,,,,,,,,,3836.94,3356.08,,
29.3,,,,,,,,,,,,,3864.22,3275.86,,
29.4,,,,,,,,,,,,,3895.75,3263.17,,
29.5,,,,,,,,,,,,,3869.7,3255.39,,
29.6,,,,,,,,,,,,,3917.2,3255.12,,
29.7,,,,,,,,,,,,,3926.42,3249,,
29.8,,,,,,,,,,,,,3930.64,3236.39,,
29.9,,,,,,,,,,,,,3919.86,3247.61,,
30.0,,,,,,,,,,,,,3929.89,3235.92,,
30.1,,,,,,,,,,,,,3974.95,3222.8,,
30.2,,,,,,,,,,,,,3998.17,3221.98,,
30.3,,,,,,,,,,,,,3993.81,3231.61,,
30.4,,,,,,,,,,,,,3996.84,3221.66,,
30.5,,,,,,,,,,,,,3995.86,3213.89,,
30.6,,,,,,,,,,,,,4016.95,3220.06,,
30.7,,,,,,,,,,,,,3997.72,3182.72,,
30.8,,,,,,,,,,,,,3995.62,3168.97,,
30.9,,,,,,,,,,,,,3984.33,3162.92,,
31.0,,,,,,,,,,,,,4000.8,3178.95,,
31.1,,,,,,,,,,,,,4039.97,3172.17,,
31.2,,,,,,,,,,,,,4376.8,3189.12,,
31.3,,,,,,,,,,,,,4708.12,3188.86,,
31.4,,,,,,,,,,,,,5052.95,3185.73,,
31.5,,,,,,,,,,,,,5401.14,3180.16,,
31.6,,,,,,,,,,,,,5736.42,3165.88,,
31.7,,,,,,,,,,,,,5848.62,3195.77,,
31.8,,,,,,,,,,,,,5925.17,3197.78,,
31.9,,,,,,,,,,,,,5777.62,3186.23,,
32.0,,,,,,,,,,,,,5213.64,3138.58,,
32.1,,,,,,,,,,,,,5123.7,3142.05,,
32.2,,,,,,,,,,,,,5487.67,3134.66,,
32.3,,,,,,,,,,,,,5851.98,473.969,,
32.4,,,,,,,,,,,,,6128.25,474.172,,
32.5,,,,,,,,,,,,,6257.23,475.062,,
32.6,,,,,,,,,,,,,6179.38,683.188,,
32.7,,,,,,,,,,,,,6453.28,1093,,
32.8,,,,,,,,,,,,,6477.42,1450.05,,
32.9,,,,,,,,,,,,,6446.7,1824.64,,
33.0,,,,,,,,,,,,,6603.41,2138.3,,
33.1,,,,,,,,,,,,,6483.77,2464.05,,
33.2,,,,,,,,,,,,,6377.14,2792,,
33.3,,,,,,,,,,,,,5886.08,3132.59,,
33.4,,,,,,,,,,,,,5481.62,3527.44,,
33.5,,,,,,,,,,,,,5432.77,3844.83,,
33.6,,,,,,,,,,,,,4939.03,4196.12,,
33.7,,,,,,,,,,,,,4431.72,4535.53,,
33.8,,,,,,,,,,,,,4049.97,4871.39,,
33.9,,,,,,,,,,,,,4063.22,5102.72,,
34.0,,,,,,,,,,,,,4069.78,5102.8,,
34.1,,,,,,,,,,,,,4062.2,5102.8,,
34.2,,,,,,,,,,,,,4070.38,5102.8,,
34.3,,,,,,,,,,,,,4061.86,5102.8,,
34.4,,,,,,,,,,,,,4076.41,5102.8,,
34.5,,,,,,,,,,,,,4064.7,5102.8,,
34.6,,,,,,,,,,,,,4067.3,5102.8,,
34.7,,,,,,,,,,,,,4060.28,5102.92,,
34.8,,,,,,,,,,,,,4066.17,5102.92,,
34.9,,,,,,,,,,,,,4075.44,5102.92,,
35.0,,,,,,,,,,,,,4061.5,5244.8,,
35.1,,,,,,,,,,,,,4064.72,6141.03,,
35.2,,,,,,,,,,,,,4066.12,7003.53,,
35.3,,,,,,,,,,,,,4060.81,7845.23,,
35.4,,,,,,,,,,,,,4054.53,8747.78,,
35.5,,,,,,,,,,,,,4054.42,9628.53,,
35.6,,,,,,,,,,,,,4074.14,9979.44,,
35.7,,,,,,,,,,,,,4072.28,10144.5,,
35.8,,,,,,,,,,,,,4103.17,10144.5,,
35.9,,,,,,,,,,,,,4084.56,9852.38,,
36.0,,,,,,,,,,,,,4088.52,9852.38,,
36.1,,,,,,,,,,,,,4089.34,9852.38,,
36.2,,,,,,,,,,,,,4143.02,9852.38,,
36.3,,,,,,,,,,,,,4109.06,9850.92,,
36.4,,,,,,,,,,,,,4098.66,9851.06,,
36.5,,,,,,,,,,,,,4099.12,9851.06,,
36.6,,,,,,,,,,,,,4093.86,9842.89,,
36.7,,,,,,,,,,,,,4108.11,9842.92,,
36.8,,,,,,,,,,,,,4122.08,9842.92,,
36.9,,,,,,,,,,,,,4115.44,9843.06,,
37.0,,,,,,,,,,,,,4135.59,9835.33,,
37.1,,,,,,,,,,,,,4152.25,9835.33,,
37.2,,,,,,,,,,,,,4157.12,9835.33,,
37.3,,,,,,,,,,,,,4146.28,9851.77,,
37.4,,,,,,,,,,,,,4147.73,9808.77,,
37.5,,,,,,,,,,,,,4184.41,9237.83,,
37.6,,,,,,,,,,,,,4190.84,8671.09,,
37.7,,,,,,,,,,,,,4184.7,8070.48,,
37.8,,,,,,,,,,,,,4186.28,7518.48,,
37.9,,,,,,,,,,,,,4211.55,6907.5,,
38.0,,,,,,,,,,,,,4193.42,5988.06,,
38.1,,,,,,,,,,,,,4194.61,5757.86,,
38.2,,,,,,,,,,,,,4191.66,5805.23,,
38.3,,,,,,,,,,,,,4174.2,5886.2,,
38.4,,,,,,,,,,,,,4186.27,5641.06,,
38.5,,,,,,,,,,,,,4184.36,5321.22,,
38.6,,,,,,,,,,,,,4184.03,4990.75,,
38.7,,,,,,,,,,,,,4182.08,4683.45,,
38.8,,,,,,,,,,,,,4174.09,4351.59,,
38.9,,,,,,,,,,,,,4183.12,4126.27,,
39.0,,,,,,,,,,,,,4191.7,3860.95,,
39.1,,,,,,,,,,,,,4190.17,3658.89,,
39.2,,,,,,,,,,,,,4194.39,3721.72,,
39.3,,,,,,,,,,,,,4195.78,3844.56,,
39.4,,,,,,,,,,,,,4196.19,3897.2,,
39.5,,,,,,,,,,,,,4193.17,3947.09,,
39.6,,,,,,,,,,,,,4175.59,4261.72,,
39.7,,,,,,,,,,,,,825.891,4407.62,,
39.8,,,,,,,,,,,,,825.891,4226.69,,
39.9,,,,,,,,,,,,,826.078,4225.78,,
40.0,,,,,,,,,,,,,826.078,4372.09,,
40.1,,,,,,,,,,,,,912.5,4411.45,,
40.2,,,,,,,,,,,,,1037.53,4418.08,,
40.3,,,,,,,,,,,,,1100.12,4094.48,,
40.4,,,,,,,,,,,,,1153.5,3701.78,,
40.5,,,,,,,,,,,,,1217.39,3340.89,,
40.6,,,,,,,,,,,,,1309.61,3346.22,,
40.7,,,,,,,,,,,,,1420.53,3358.06,,
40.8,,,,,,,,,,,,,1496.05,3420.3,,
40.9,,,,,,,,,,,,,1623.12,3538.31,,
41.0,,,,,,,,,,,,,1698.77,3665.89,,
41.1,,,,,,,,,,,,,1791.88,3680.89,,
41.2,,,,,,,,,,,,,1996.28,3415.78,,
41.3,,,,,,,,,,,,,2164.72,3490.84,,
41.4,,,,,,,,,,,,,2352.83,3441.7,,
41.5,,,,,,,,,,,,,2548.84,3404.45,,
41.6,,,,,,,,,,,,,2729.69,3294.67,,
41.7,,,,,,,,,,,,,2884.75,3267.89,,
41.8,,,,,,,,,,,,,3059.69,3391.86,,
41.9,,,,,,,,,,,,,3238.33,3407.42,,
42.0,,,,,,,,,,,,,3428.62,3330.56,,
42.1,,,,,,,,,,,,,3606.88,3326.45,,
42.2,,,,,,,,,,,,,3783.16,3327.5,,
42.3,,,,,,,,,,,,,3940.25,3448.95,,
42.4,,,,,,,,,,,,,4124.06,3569.94,,
42.5,,,,,,,,,,,,,4312.08,3629.98,,
42.6,,,,,,,,,,,,,4503.27,3587,,
42.7,,,,,,,,,,,,,4696.75,3592.81,,
42.8,,,,,,,,,,,,,4895.14,3324.83,,
42.9,,,,,,,,,,,,,5091.94,3225.52,,
43.0,,,,,,,,,,,,,5102.72,3271.98,,
43.1,,,,,,,,,,,,,5102.72,3393.03,,
43.2,,,,,,,,,,,,,5102.81,3515.55,,
43.3,,,,,,,,,,,,,5102.81,3530.5,,
43.4,,,,,,,,,,,,,5102.81,3313.58,,
43.5,,,,,,,,,,,,,5102.81,3430.22,,
43.6,,,,,,,,,,,,,5102.81,3532.89,,
43.7,,,,,,,,,,,,,5102.81,3639.44,,
43.8,,,,,,,,,,,,,5102.81,3747.16,,
43.9,,,,,,,,,,,,,5119.75,3869.47,,
44.0,,,,,,,,,,,,,5163.61,3992.48,,
44.1,,,,,,,,,,,,,5201.06,4114.23,,
44.2,,,,,,,,,,,,,5237.56,4231.41,,
44.3,,,,,,,,,,,,,5273.17,4333.52,,
44.4,,,,,,,,,,,,,5313.88,4455.52,,
44.5,,,,,,,,,,,,,5352.72,4535.19,,
44.6,,,,,,,,,,,,,5395.06,4572.28,,
44.7,,,,,,,,,,,,,5432.61,4663.12,,
44.8,,,,,,,,,,,,,5473.33,4709.83,,
44.9,,,,,,,,,,,,,5508.66,4809.89,,
45.0,,,,,,,,,,,,,5539.19,4918.19,,
45.1,,,,,,,,,,,,,5569.14,5032.19,,
45.2,,,,,,,,,,,,,5600.73,5155.47,,
45.3,,,,,,,,,,,,,5624.58,5278.91,,
45.4,,,,,,,,,,,,,5646.09,5359.59,,
45.5,,,,,,,,,,,,,5674.48,5177.91,,
45.6,,,,,,,,,,,,,5706.7,4749.88,,
45.7,,,,,,,,,,,,,5730.14,4332.86,,
45.8,,,,,,,,,,,,,5752.11,3894.17,,
45.9,,,,,,,,,,,,,5774.17,3391.78,,
46.0,,,,,,,,,,,,,5800.36,3026.72,,
46.1,,,,,,,,,,,,,5825.67,3023.56,,
46.2,,,,,,,,,,,,,5849.53,2879.59,,
46.3,,,,,,,,,,,,,5872.03,2730.95,,
46.4,,,,,,,,,,,,,5892.3,2539.06,,
46.5,,,,,,,,,,,,,5918.14,2275.45,,
46.6,,,,,,,,,,,,,5955.11,1950.39,,
46.7,,,,,,,,,,,,,5994.41,1653.55,,
46.8,,,,,,,,,,,,,6029.56,1506.89,,
46.9,,,,,,,,,,,,,6057.48,1411.25,,
47.0,,,,,,,,,,,,,6095.03,1358.5,,
47.1,,,,,,,,,,,,,6127.77,1265.28,,
47.2,,,,,,,,,,,,,6159.12,1108.59,,
47.3,,,,,,,,,,,,,6191.17,994.156,,
47.4,,,,,,,,,,,,,6223.05,914.016,,
47.5,,,,,,,,,,,,,6254.83,908.594,,
47.6,,,,,,,,,,,,,6286.72,906.906,,
47.7,,,,,,,,,,,,,6318.62,891.188,,
47.8,,,,,,,,,,,,,6347.72,900.078,,
47.9,,,,,,,,,,,,,6376.14,882.469,,
48.0,,,,,,,,,,,,,6408.3,870.297,,
48.1,,,,,,,,,,,,,6436.41,872.562,,
48.2,,,,,,,,,,,,,6467.56,850.688,,
48.3,,,,,,,,,,,,,6500.23,846.578,,
48.4,,,,,,,,,,,,,6531.98,818.656,,
48.5,,,,,,,,,,,,,6565.75,1036.97,,
48.6,,,,,,,,,,,,,6596.77,1339.12,,
48.7,,,,,,,,,,,,,6631.03,1678.84,,
48.8,,,,,,,,,,,,,6662.12,2003.02,,
48.9,,,,,,,,,,,,,6696.19,2383.59,,
49.0,,,,,,,,,,,,,6724.44,2708.67,,
49.1,,,,,,,,,,,,,6745.44,2979.95,,
49.2,,,,,,,,,,,,,6764.88,3348.78,,
49.3,,,,,,,,,,,,,6780.75,3629.38,,
49.4,,,,,,,,,,,,,6800.67,3507.03,,
49.5,,,,,,,,,,,,,6821.81,3494.53,,
49.6,,,,,,,,,,,,,6848.75,3484.28,,
49.7,,,,,,,,,,,,,6878.42,3477.8,,
49.8,,,,,,,,,,,,,6911.75,3487.06,,
49.9,,,,,,,,,,,,,6944.66,3491.27,,
50.0,,,,,,,,,,,,,6977.47,3478.38,,
50.1,,,,,,,,,,,,,7007.77,3487.09,,
50.2,,,,,,,,,,,,,7040.11,3536.12,,
50.3,,,,,,,,,,,,,7072.69,3592.22,,
50.4,,,,,,,,,,,,,7105,3626.41,,
50.5,,,,,,,,,,,,,7136.19,3682.64,,
50.6,,,,,,,,,,,,,7168.81,3750.94,,
50.7,,,,,,,,,,,,,7202,3849.91,,
50.8,,,,,,,,,,,,,7235.75,3819.53,,
50.9,,,,,,,,,,,,,7270.36,3838.97,,
51.0,,,,,,,,,,,,,7299.92,3867.14,,
51.1,,,,,,,,,,,,,7337.52,3888.59,,
51.2,,,,,,,,,,,,,7373.28,3883.8,,
51.3,,,,,,,,,,,,,7408.39,3893.89,,
51.4,,,,,,,,,,,,,7442.89,3896.91,,
51.5,,,,,,,,,,,,,7472.17,3870.64,,
51.6,,,,,,,,,,,,,7506.45,3808.27,,
51.7,,,,,,,,,,,,,7539.58,3777.78,,
51.8,,,,,,,,,,,,,7574.17,3768.84,,
51.9,,,,,,,,,,,,,7609.09,3773.94,,
52.0,,,,,,,,,,,,,7643.77,3769.62,,
52.1,,,,,,,,,,,,,7678.38,3754.53,,
52.2,,,,,,,,,,,,,7709.25,3771.97,,
52.3,,,,,,,,,,,,,7732.05,3759.44,,
52.4,,,,,,,,,,,,,7750.92,3840.25,,
52.5,,,,,,,,,,,,,7776.97,4041.55,,
52.6,,,,,,,,,,,,,7803.09,3975.39,,
52.7,,,,,,,,,,,,,7829.14,3892.12,,
52.8,,,,,,,,,,,,,7856.05,4058.19,,
52.9,,,,,,,,,,,,,7876.34,4383.09,,
53.0,,,,,,,,,,,,,7901.06,4669.39,,
53.1,,,,,,,,,,,,,7928.69,4777.44,,
53.2,,,,,,,,,,,,,7963.97,4607.98,,
53.3,,,,,,,,,,,,,8004.48,4276.39,,
53.4,,,,,,,,,,,,,8041.62,4027.67,,
53.5,,,,,,,,,,,,,8072.91,4248.34,,
53.6,,,,,,,,,,,,,8105.02,4117.08,,
53.7,,,,,,,,,,,,,8133.09,4257.44,,
53.8,,,,,,,,,,,,,8162.5,4252.72,,
53.9,,,,,,,,,,,,,8196.2,4192.08,,
54.0,,,,,,,,,,,,,8231.52,4256.34,,
54.1,,,,,,,,,,,,,8262.44,4374,,
54.2,,,,,,,,,,,,,8292.73,4335.25,,
54.3,,,,,,,,,,,,,8328.64,4181.86,,
54.4,,,,,,,,,,,,,8364.98,3967.64,,
54.5,,,,,,,,,,,,,8404.81,4041.64,,
54.6,,,,,,,,,,,,,8447.25,4103.36,,
54.7,,,,,,,,,,,,,8480.52,4320.81,,
54.8,,,,,,,,,,,,,8516.67,4456.95,,
54.9,,,,,,,,,,,,,8554.44,4491.53,,
55.0,,,,,,,,,,,,,8591.72,4135.22,,
55.1,,,,,,,,,,,,,8632.28,4012.03,,
55.2,,,,,,,,,,,,,8669.23,4301.88,,
55.3,,,,,,,,,,,,,8705.61,4631.03,,
55.4,,,,,,,,,,,,,8731.17,4807.36,,
55.5,,,,,,,,,,,,,8755.48,4979.53,,
55.6,,,,,,,,,,,,,8781.41,4979.53,,
55.7,,,,,,,,,,,,,8807.11,4979.53,,
55.8,,,,,,,,,,,,,8829.47,4994.56,,
55.9,,,,,,,,,,,,,8850.27,5005.38,,
56.0,,,,,,,,,,,,,8875.72,4583.12,,
56.1,,,,,,,,,,,,,8901.78,4180.75,,
56.2,,,,,,,,,,,,,8925.97,3821.69,,
56.3,,,,,,,,,,,,,8949.83,3822.48,,
56.4,,,,,,,,,,,,,8986.09,3902.83,,
56.5,,,,,,,,,,,,,9013.55,3907.16,,
56.6,,,,,,,,,,,,,9043.45,3914.73,,
56.7,,,,,,,,,,,,,9075.95,3813.44,,
56.8,,,,,,,,,,,,,9110.92,3606.09,,
56.9,,,,,,,,,,,,,9139.64,3359.3,,
57.0,,,,,,,,,,,,,9168,3010.47,,
57.1,,,,,,,,,,,,,9192.84,2488.83,,
57.2,,,,,,,,,,,,,9216.56,2446.06,,
57.3,,,,,,,,,,,,,9251.8,2500.84,,
57.4,,,,,,,,,,,,,9287.8,2570.58,,
57.5,,,,,,,,,,,,,9314.66,2409.3,,
57.6,,,,,,,,,,,,,9345.84,2224.36,,
57.7,,,,,,,,,,,,,9375.06,1926.69,,
57.8,,,,,,,,,,,,,9404.95,1747.03,,
57.9,,,,,,,,,,,,,9439.33,1498.75,,
58.0,,,,,,,,,,,,,9470.78,1731.06,,
58.1,,,,,,,,,,,,,9498.89,1951.98,,
58.2,,,,,,,,,,,,,9523.23,2176.66,,
58.3,,,,,,,,,,,,,9546.2,2342.14,,
58.4,,,,,,,,,,,,,9567.84,2364.34,,
58.5,,,,,,,,,,,,,9594.31,2059.66,,
58.6,,,,,,,,,,,,,9623.78,1704.14,,
58.7,,,,,,,,,,,,,9654.84,1293.05,,
58.8,,,,,,,,,,,,,9686.84,1073.52,,
58.9,,,,,,,,,,,,,9716.41,1260.02,,
59.0,,,,,,,,,,,,,9738.19,1431.78,,
59.1,,,,,,,,,,,,,9762.12,1649.61,,
59.2,,,,,,,,,,,,,9777.05,1869.17,,
59.3,,,,,,,,,,,,,9797.83,2089.2,,
59.4,,,,,,,,,,,,,9815.12,2310.61,,
59.5,,,,,,,,,,,,,9836.42,2532.45,,
59.6,,,,,,,,,,,,,9860.05,2746.58,,
59.7,,,,,,,,,,,,,9881.12,2948.06,,
59.8,,,,,,,,,,,,,9903.81,2865.81,,
59.9,,,,,,,,,,,,,9927.45,2455.05,,
60.0,,,,,,,,,,,,,9956.02,2052.7,,
60.1,,,,,,,,,,,,,9976.56,2204.47,,
60.2,,,,,,,,,,,,,10001.5,2403.41,,
60.3,,,,,,,,,,,,,10029.7,2623.31,,
60.4,,,,,,,,,,,,,10055.7,2848.53,,
60.5,,,,,,,,,,,,,10084.8,3087.08,,
60.6,,,,,,,,,,,,,10102.4,3296.95,,
60.7,,,,,,,,,,,,,5106.86,3508.59,,
60.8,,,,,,,,,,,,,5106.86,3689.34,,
60.9,,,,,,,,,,,,,5106.86,3746.91,,
61.0,,,,,,,,,,,,,5106.86,1007.7,,
61.1,,,,,,,,,,,,,5107.11,1007.88,,
61.2,,,,,,,,,,,,,5107.11,1007.91,,
61.3,,,,,,,,,,,,,5107.11,1169.59,,
61.4,,,,,,,,,,,,,5107.11,1566.38,,
61.5,,,,,,,,,,,,,5107.19,1940.36,,
61.6,,,,,,,,,,,,,5107.27,2315.2,,
61.7,,,,,,,,,,,,,5107.27,2690.17,,
61.8,,,,,,,,,,,,,5107.27,3019.67,,
61.9,,,,,,,,,,,,,121.531,3333.53,,
62.0,,,,,,,,,,,,,,3669.69,,
62.1,,,,,,,,,,,,,,3998.2,,
62.2,,,,,,,,,,,,,,4373.66,,
62.3,,,,,,,,,,,,,,4721.56,,
62.4,,,,,,,,,,,,,,5070.8,,
62.5,,,,,,,,,,,,,,5097.98,,
62.6,,,,,,,,,,,,,,5098.08,,
62.7,,,,,,,,,,,,,,5098.08,,
62.8,,,,,,,,,,,,,,5098.08,,
62.9,,,,,,,,,,,,,,5098.08,,
63.0,,,,,,,,,,,,,,5098.08,,
63.1,,,,,,,,,,,,,,5098.08,,
63.2,,,,,,,,,,,,,,5098.08,,
63.3,,,,,,,,,,,,,,5100.11,,
63.4,,,,,,,,,,,,,,5102.86,,
63.5,,,,,,,,,,,,,,5105.2,,
63.6,,,,,,,,,,,,,,5110.58,,
63.7,,,,,,,,,,,,,,5112.06,,
63.8,,,,,,,,,,,,,,5113.34,,
63.9,,,,,,,,,,,,,,5118.72,,
64.0,,,,,,,,,,,,,,5119.91,,
64.1,,,,,,,,,,,,,,5121.44,,
64.2,,,,,,,,,,,,,,5126.62,,
64.3,,,,,,,,,,,,,,5128.53,,
64.4,,,,,,,,,,,,,,5130.06,,
64.5,,,,,,,,,,,,,,5134.75,,
64.6,,,,,,,,,,,,,,5136.38,,
64.7,,,,,,,,,,,,,,5142.06,,
64.8,,,,,,,,,,,,,,5143.62,,
64.9,,,,,,,,,,,,,,5144.72,,
65.0,,,,,,,,,,,,,,5145.81,,
65.1,,,,,,,,,,,,,,5151.08,,
65.2,,,,,,,,,,,,,,5152.48,,
65.3,,,,,,,,,,,,,,5153.52,,
65.4,,,,,,,,,,,,,,5158.38,,
65.5,,,,,,,,,,,,,,5159.53,,
65.6,,,,,,,,,,,,,,5160.47,,
65.7,,,,,,,,,,,,,,5161.38,,
65.8,,,,,,,,,,,,,,5166.36,,
65.9,,,,,,,,,,,,,,5168.61,,
66.0,,,,,,,,,,,,,,5174.08,,
66.1,,,,,,,,,,,,,,5176.36,,
66.2,,,,,,,,,,,,,,5178.25,,
66.3,,,,,,,,,,,,,,5182.94,,
66.4,,,,,,,,,,,,,,5184.3,,
66.5,,,,,,,,,,,,,,5185.36,,
66.6,,,,,,,,,,,,,,5189.98,,
66.7,,,,,,,,,,,,,,5190.69,,
66.8,,,,,,,,,,,,,,5191.69,,
66.9,,,,,,,,,,,,,,5193.12,,
67.0,,,,,,,,,,,,,,5198.41,,
67.1,,,,,,,,,,,,,,5199.48,,
67.2,,,,,,,,,,,,,,5200.94,,
67.3,,,,,,,,,,,,,,5206,,
67.4,,,,,,,,,,,,,,5206.88,,
67.5,,,,,,,,,,,,,,5208.8,,
67.6,,,,,,,,,,,,,,5214.31,,
67.7,,,,,,,,,,,,,,5219.25,,
67.8,,,,,,,,,,,,,,5226.95,,
67.9,,,,,,,,,,,,,,5233.62,,
68.0,,,,,,,,,,,,,,5236.75,,
68.1,,,,,,,,,,,,,,5243.98,,
68.2,,,,,,,,,,,,,,5250.11,,
68.3,,,,,,,,,,,,,,5252.23,,
68.4,,,,,,,,,,,,,,5259.17,,
68.5,,,,,,,,,,,,,,5266.36,,
68.6,,,,,,,,,,,,,,5269.31,,
68.7,,,,,,,,,,,,,,5275.39,,
68.8,,,,,,,,,,,,,,5281.53,,
68.9,,,,,,,,,,,,,,5284.44,,
69.0,,,,,,,,,,,,,,5285.31,,
69.1,,,,,,,,,,,,,,5290.2,,
69.2,,,,,,,,,,,,,,5291.39,,
69.3,,,,,,,,,,,,,,5292.2,,
69.4,,,,,,,,,,,,,,5293.84,,
69.5,,,,,,,,,,,,,,5298.58,,
69.6,,,,,,,,,,,,,,5300.06,,
69.7,,,,,,,,,,,,,,5301.91,,
69.8,,,,,,,,,,,,,,5306.55,,
69.9,,,,,,,,,,,,,,5308.11,,
70.0,,,,,,,,,,,,,,5325.62,,
70.1,,,,,,,,,,,,,,5342.33,,
70.2,,,,,,,,,,,,,,5357.39,,
70.3,,,,,,,,,,,,,,5378.28,,
70.4,,,,,,,,,,,,,,5395.89,,
70.5,,,,,,,,,,,,,,5413.36,,
70.6,,,,,,,,,,,,,,5431.58,,
70.7,,,,,,,,,,,,,,5446.39,,
70.8,,,,,,,,,,,,,,5457.44,,
70.9,,,,,,,,,,,,,,5470.39,,
71.0,,,,,,,,,,,,,,5479.02,,
71.1,,,,,,,,,,,,,,5491.67,,
71.2,,,,,,,,,,,,,,5508.62,,
71.3,,,,,,,,,,,,,,5524.69,,
71.4,,,,,,,,,,,,,,5537.27,,
71.5,,,,,,,,,,,,,,5557.14,,
71.6,,,,,,,,,,,,,,5577.83,,
71.7,,,,,,,,,,,,,,5596.11,,
71.8,,,,,,,,,,,,,,5613.33,,
71.9,,,,,,,,,,,,,,5628.64,,
72.0,,,,,,,,,,,,,,5641.48,,
72.1,,,,,,,,,,,,,,5658.03,,
72.2,,,,,,,,,,,,,,5671.16,,
72.3,,,,,,,,,,,,,,5683.67,,
72.4,,,,,,,,,,,,,,5696.25,,
72.5,,,,,,,,,,,,,,5714.94,,
72.6,,,,,,,,,,,,,,5727.25,,
72.7,,,,,,,,,,,,,,5738.94,,
72.8,,,,,,,,,,,,,,5753.56,,
72.9,,,,,,,,,,,,,,5767.75,,
73.0,,,,,,,,,,,,,,5784.84,,
73.1,,,,,,,,,,,,,,5797.23,,
73.2,,,,,,,,,,,,,,5817.22,,
73.3,,,,,,,,,,,,,,5830.77,,
73.4,,,,,,,,,,,,,,5848.23,,
73.5,,,,,,,,,,,,,,5850.23,,
73.6,,,,,,,,,,,,,,5856.14,,
73.7,,,,,,,,,,,,,,5861.84,,
73.8,,,,,,,,,,,,,,5866.47,,
73.9,,,,,,,,,,,,,,5870.31,,
74.0,,,,,,,,,,,,,,5894.91,,
74.1,,,,,,,,,,,,,,5914.59,,
74.2,,,,,,,,,,,,,,5933.27,,
74.3,,,,,,,,,,,,,,5951.58,,
74.4,,,,,,,,,,,,,,5968.28,,
74.5,,,,,,,,,,,,,,5989.58,,
74.6,,,,,,,,,,,,,,6014.97,,
74.7,,,,,,,,,,,,,,6045.38,,
74.8,,,,,,,,,,,,,,6073.34,,
74.9,,,,,,,,,,,,,,6099.91,,
75.0,,,,,,,,,,,,,,6126.95,,
75.1,,,,,,,,,,,,,,6144.53,,
75.2,,,,,,,,,,,,,,6162.34,,
75.3,,,,,,,,,,,,,,6183.77,,
75.4,,,,,,,,,,,,,,6202.14,,
75.5,,,,,,,,,,,,,,6229.98,,
75.6,,,,,,,,,,,,,,6259.97,,
75.7,,,,,,,,,,,,,,6286.2,,
75.8,,,,,,,,,,,,,,6312.58,,
75.9,,,,,,,,,,,,,,6337.36,,
76.0,,,,,,,,,,,,,,6364.06,,
76.1,,,,,,,,,,,,,,6392.88,,
76.2,,,,,,,,,,,,,,6425.55,,
76.3,,,,,,,,,,,,,,6454.73,,
76.4,,,,,,,,,,,,,,6481.53,,
76.5,,,,,,,,,,,,,,6511.16,,
76.6,,,,,,,,,,,,,,6538.88,,
76.7,,,,,,,,,,,,,,6568.14,,
76.8,,,,,,,,,,,,,,6600.03,,
76.9,,,,,,,,,,,,,,6628.39,,
77.0,,,,,,,,,,,,,,6658.69,,
77.1,,,,,,,,,,,,,,6686.69,,
77.2,,,,,,,,,,,,,,6719.44,,
77.3,,,,,,,,,,,,,,6751.42,,
77.4,,,,,,,,,,,,,,6777.31,,
77.5,,,,,,,,,,,,,,6810.06,,
77.6,,,,,,,,,,,,,,6837.08,,
77.7,,,,,,,,,,,,,,6862.77,,
77.8,,,,,,,,,,,,,,6894.34,,
77.9,,,,,,,,,,,,,,6923.31,,
78.0,,,,,,,,,,,,,,6955.39,,
78.1,,,,,,,,,,,,,,6985.75,,
78.2,,,,,,,,,,,,,,7017.77,,
78.3,,,,,,,,,,,,,,7047.8,,
78.4,,,,,,,,,,,,,,7077.03,,
78.5,,,,,,,,,,,,,,7104.92,,
78.6,,,,,,,,,,,,,,7132.56,,
78.7,,,,,,,,,,,,,,7160.59,,
78.8,,,,,,,,,,,,,,7181.27,,
78.9,,,,,,,,,,,,,,7202.73,,
79.0,,,,,,,,,,,,,,7229.58,,
79.1,,,,,,,,,,,,,,7261.19,,
79.2,,,,,,,,,,,,,,7292.89,,
79.3,,,,,,,,,,,,,,7323.12,,
79.4,,,,,,,,,,,,,,7347.62,,
79.5,,,,,,,,,,,,,,7380.09,,
79.6,,,,,,,,,,,,,,7409.47,,
79.7,,,,,,,,,,,,,,7435.98,,
79.8,,,,,,,,,,,,,,7470.28,,
79.9,,,,,,,,,,,,,,7503.08,,
80.0,,,,,,,,,,,,,,7531.78,,
80.1,,,,,,,,,,,,,,7563.72,,
80.2,,,,,,,,,,,,,,7594.08,,
80.3,,,,,,,,,,,,,,7625.75,,
80.4,,,,,,,,,,,,,,7657.75,,
80.5,,,,,,,,,,,,,,7685.73,,
80.6,,,,,,,,,,,,,,7715.33,,
80.7,,,,,,,,,,,,,,7746.66,,
80.8,,,,,,,,,,,,,,7774.95,,
80.9,,,,,,,,,,,,,,7805.58,,
81.0,,,,,,,,,,,,,,7836.84,,
81.1,,,,,,,,,,,,,,7865.5,,
81.2,,,,,,,,,,,,,,7897.06,,
81.3,,,,,,,,,,,,,,7927.7,,
81.4,,,,,,,,,,,,,,7957.14,,
81.5,,,,,,,,,,,,,,7988,,
81.6,,,,,,,,,,,,,,8015.8,,
81.7,,,,,,,,,,,,,,8048.2,,
81.8,,,,,,,,,,,,,,8077.03,,
81.9,,,,,,,,,,,,,,8098.56,,
82.0,,,,,,,,,,,,,,8119.66,,
82.1,,,,,,,,,,,,,,8137.14,,
82.2,,,,,,,,,,,,,,8157.08,,
82.3,,,,,,,,,,,,,,8173.5,,
82.4,,,,,,,,,,,,,,8189.38,,
82.5,,,,,,,,,,,,,,8205.81,,
82.6,,,,,,,,,,,,,,8232.73,,
82.7,,,,,,,,,,,,,,8264,,
82.8,,,,,,,,,,,,,,8295.83,,
82.9,,,,,,,,,,,,,,8329.14,,
83.0,,,,,,,,,,,,,,8359.88,,
83.1,,,,,,,,,,,,,,8392.73,,
83.2,,,,,,,,,,,,,,8424.58,,
83.3,,,,,,,,,,,,,,8457.03,,
83.4,,,,,,,,,,,,,,8490.12,,
83.5,,,,,,,,,,,,,,8518.06,,
83.6,,,,,,,,,,,,,,8553.28,,
83.7,,,,,,,,,,,,,,8586.38,,
83.8,,,,,,,,,,,,,,8613.44,,
83.9,,,,,,,,,,,,,,8646.61,,
84.0,,,,,,,,,,,,,,8676.69,,
84.1,,,,,,,,,,,,,,8709.2,,
84.2,,,,,,,,,,,,,,8735.8,,
84.3,,,,,,,,,,,,,,8763.86,,
84.4,,,,,,,,,,,,,,8796.89,,
84.5,,,,,,,,,,,,,,8828.59,,
84.6,,,,,,,,,,,,,,8859.62,,
84.7,,,,,,,,,,,,,,8893.89,,
84.8,,,,,,,,,,,,,,8924.72,,
84.9,,,,,,,,,,,,,,8956.08,,
85.0,,,,,,,,,,,,,,8990.69,,
85.1,,,,,,,,,,,,,,9024.53,,
85.2,,,,,,,,,,,,,,9055.78,,
85.3,,,,,,,,,,,,,,9083.7,,
85.4,,,,,,,,,,,,,,9108.72,,
85.5,,,,,,,,,,,,,,9128.84,,
85.6,,,,,,,,,,,,,,9145.23,,
85.7,,,,,,,,,,,,,,9161.92,,
85.8,,,,,,,,,,,,,,9177.19,,
85.9,,,,,,,,,,,,,,9194.89,,
86.0,,,,,,,,,,,,,,9211.55,,
86.1,,,,,,,,,,,,,,9236.61,,
86.2,,,,,,,,,,,,,,9273.11,,
86.3,,,,,,,,,,,,,,9313.66,,
86.4,,,,,,,,,,,,,,9352.61,,
86.5,,,,,,,,,,,,,,9394.56,,
86.6,,,,,,,,,,,,,,9431.2,,
86.7,,,,,,,,,,,,,,9465.66,,
86.8,,,,,,,,,,,,,,9511.83,,
86.9,,,,,,,,,,,,,,9543.53,,
87.0,,,,,,,,,,,,,,9572.44,,
87.1,,,,,,,,,,,,,,9605.98,,
87.2,,,,,,,,,,,,,,9637.61,,
87.3,,,,,,,,,,,,,,9672.12,,
87.4,,,,,,,,,,,,,,9701.97,,
87.5,,,,,,,,,,,,,,9733.61,,
87.6,,,,,,,,,,,,,,9755.39,,
87.7,,,,,,,,,,,,,,9615.12,,
87.8,,,,,,,,,,,,,,9435.33,,
87.9,,,,,,,,,,,,,,9462.36,,
88.0,,,,,,,,,,,,,,9496,,
88.1,,,,,,,,,,,,,,9524.92,,
88.2,,,,,,,,,,,,,,9447.66,,
88.3,,,,,,,,,,,,,,9323.17,,
88.4,,,,,,,,,,,,,,9363.16,,
88.5,,,,,,,,,,,,,,9410.45,,
88.6,,,,,,,,,,,,,,9381.88,,
88.7,,,,,,,,,,,,,,8947.83,,
88.8,,,,,,,,,,,,,,8444.11,,
88.9,,,,,,,,,,,,,,7992.44,,
89.0,,,,,,,,,,,,,,7521.06,,
89.1,,,,,,,,,,,,,,7430.11,,
89.2,,,,,,,,,,,,,,7429.14,,
89.3,,,,,,,,,,,,,,4880.34,,
89.4,,,,,,,,,,,,,,4976.14,,
89.5,,,,,,,,,,,,,,4976.14,,
89.6,,,,,,,,,,,,,,4976.14,,
89.7,,,,,,,,,,,,,,4976.14,,
89.8,,,,,,,,,,,,,,4976.14,,
89.9,,,,,,,,,,,,,,4976.73,,
90.0,,,,,,,,,,,,,,4976.73,,
90.1,,,,,,,,,,,,,,4976.73,,
90.2,,,,,,,,,,,,,,4976.73,,
90.3,,,,,,,,,,,,,,4976.73,,
90.4,,,,,,,,,,,,,,4977.45,,
90.5,,,,,,,,,,,,,,4977.56,,
90.6,,,,,,,,,,,,,,4977.56,,
90.7,,,,,,,,,,,,,,4977.56,,
90.8,,,,,,,,,,,,,,-21.0312,,
90.9,,,,,,,,,,,,,,-7.59375,,
